﻿<Ui xmlns="http://www.blizzard.com/wow/ui/">
	<Include file="actionbars\load_actionbars.xml"/>
	<Include file="bags\load_bags.xml"/>
	<Include file="chat\load_chat.xml"/>
	<Include file="databars\load_databars.xml"/>
	<Include file="datatexts\load_datatexts.xml"/>
	<Include file="maps\load_maps.xml"/>
	<Include file="misc\load_misc.xml"/>
	<Include file="nameplates\load_nameplates.xml"/>
	<Include file="skins\load_skins.xml"/>
	<Include file="tooltip\load_tooltip.xml"/>
	<Include file="unitframes\load_unitframes.xml"/>
	<Script file="temp.lua"/>
</Ui>